{
  "total_trials": 150,
  "successful_trials": 150,
  "avg_distance_increase_safest": 50.03215582755774,
  "median_distance_increase_safest": 52.35692001923267,
  "std_distance_increase_safest": 28.55650371957714,
  "max_distance_increase_safest": 140.84860895751837,
  "avg_distance_increase_balanced": 7.161287272710692,
  "median_distance_increase_balanced": 5.1960574240773845,
  "avg_risk_reduction_safest": 33.12124843718106,
  "median_risk_reduction_safest": 34.803340801709275,
  "std_risk_reduction_safest": 14.57401808713879,
  "max_risk_reduction_safest": 60.35700030038475,
  "avg_risk_reduction_balanced": 19.725956886524752,
  "median_risk_reduction_balanced": 17.56801041108278,
  "trials_with_risk_reduction": 142,
  "trials_with_significant_risk_reduction": 138,
  "trials_with_minor_distance_increase": 27,
  "trials_with_balanced_advantage": 96,
  "avg_safest_efficiency": 13.396490400323584,
  "avg_shortest_efficiency": 6.069425857829833,
  "avg_balanced_efficiency": 8.176204166108292,
  "pct_with_risk_reduction": 94.66666666666667,
  "pct_with_significant_risk_reduction": 92.0,
  "pct_with_minor_distance_increase": 18.0,
  "pct_with_balanced_advantage": 64.0
}