{
  "path_nodes": [
    0,
    7471,
    7469,
    7467,
    5903,
    5902,
    7896,
    7773,
    110,
    109,
    32,
    31,
    7882,
    6496,
    115,
    111,
    112,
    1178,
    1180,
    1182,
    1184,
    1185,
    1186,
    3991,
    4106,
    3364,
    3361,
    1531,
    3362,
    3360,
    3359,
    3684,
    2887,
    5915,
    3460,
    3459,
    3461,
    5840,
    5839,
    5838,
    5263,
    785,
    782,
    784,
    4052,
    4043,
    144,
    9935,
    137,
    251,
    260,
    2414,
    2812,
    6655,
    8736,
    8333,
    8733,
    7556,
    8740,
    8577,
    8743,
    7550,
    2782,
    3290,
    4270,
    165,
    2990,
    2991,
    6604,
    5184,
    4083,
    3872,
    101,
    100
  ],
  "total_distance_m": 12126.729116852348,
  "total_risk_score": 3650.0,
  "combined_cost": 28.285805151924436,
  "beta_used": 0.3
}